country,year,continent,lifeExp
Afghanistan,1952,Asia,28.801
Afghanistan,1957,Asia,30.332
Afghanistan,1962,Asia,31.997
Afghanistan,1967,Asia,34.02
Afghanistan,1972,Asia,36.088
Afghanistan,1977,Asia,38.438
Afghanistan,1982,Asia,39.854
Afghanistan,1987,Asia,40.822
Afghanistan,1992,Asia,41.674
Afghanistan,1997,Asia,41.763
Afghanistan,2002,Asia,42.129
Afghanistan,2007,Asia,43.828
Albania,1952,Europe,55.23
Albania,1957,Europe,59.28
Albania,1962,Europe,64.82
Albania,1967,Europe,66.22
Albania,1972,Europe,67.69
Albania,1977,Europe,68.93
Albania,1982,Europe,70.42
Albania,1987,Europe,72
Albania,1992,Europe,71.581
Albania,1997,Europe,72.95
Albania,2002,Europe,75.651
Albania,2007,Europe,76.423
Algeria,1952,Africa,43.077
Algeria,1957,Africa,45.685
Algeria,1962,Africa,48.303
Algeria,1967,Africa,51.407
Algeria,1972,Africa,54.518
Algeria,1977,Africa,58.014
Algeria,1982,Africa,61.368
Algeria,1987,Africa,65.799
Algeria,1992,Africa,67.744
Algeria,1997,Africa,69.152
Algeria,2002,Africa,70.994
Algeria,2007,Africa,72.301
Angola,1952,Africa,30.015
Angola,1957,Africa,31.999
Angola,1962,Africa,34
Angola,1967,Africa,35.985
Angola,1972,Africa,37.928
Angola,1977,Africa,39.483
Angola,1982,Africa,39.942
Angola,1987,Africa,39.906
Angola,1992,Africa,40.647
Angola,1997,Africa,40.963
Angola,2002,Africa,41.003
Angola,2007,Africa,42.731
Argentina,1952,Americas,62.485
Argentina,1957,Americas,64.399
Argentina,1962,Americas,65.142
Argentina,1967,Americas,65.634
Argentina,1972,Americas,67.065
Argentina,1977,Americas,68.481
Argentina,1982,Americas,69.942
Argentina,1987,Americas,70.774
Argentina,1992,Americas,71.868
Argentina,1997,Americas,73.275
Argentina,2002,Americas,74.34
Argentina,2007,Americas,75.32
Australia,1952,Oceania,69.12
Australia,1957,Oceania,70.33
Australia,1962,Oceania,70.93
Australia,1967,Oceania,71.1
Australia,1972,Oceania,71.93
Australia,1977,Oceania,73.49
Australia,1982,Oceania,74.74
Australia,1987,Oceania,76.32
Australia,1992,Oceania,77.56
Australia,1997,Oceania,78.83
Australia,2002,Oceania,80.37
Australia,2007,Oceania,81.235
Austria,1952,Europe,66.8
Austria,1957,Europe,67.48
Austria,1962,Europe,69.54
Austria,1967,Europe,70.14
Austria,1972,Europe,70.63
Austria,1977,Europe,72.17
Austria,1982,Europe,73.18
Austria,1987,Europe,74.94
Austria,1992,Europe,76.04
Austria,1997,Europe,77.51
Austria,2002,Europe,78.98
Austria,2007,Europe,79.829
Bahrain,1952,Asia,50.939
Bahrain,1957,Asia,53.832
Bahrain,1962,Asia,56.923
Bahrain,1967,Asia,59.923
Bahrain,1972,Asia,63.3
Bahrain,1977,Asia,65.593
Bahrain,1982,Asia,69.052
Bahrain,1987,Asia,70.75
Bahrain,1992,Asia,72.601
Bahrain,1997,Asia,73.925
Bahrain,2002,Asia,74.795
Bahrain,2007,Asia,75.635
Bangladesh,1952,Asia,37.484
Bangladesh,1957,Asia,39.348
Bangladesh,1962,Asia,41.216
Bangladesh,1967,Asia,43.453
Bangladesh,1972,Asia,45.252
Bangladesh,1977,Asia,46.923
Bangladesh,1982,Asia,50.009
Bangladesh,1987,Asia,52.819
Bangladesh,1992,Asia,56.018
Bangladesh,1997,Asia,59.412
Bangladesh,2002,Asia,62.013
Bangladesh,2007,Asia,64.062
Belgium,1952,Europe,68
Belgium,1957,Europe,69.24
Belgium,1962,Europe,70.25
Belgium,1967,Europe,70.94
Belgium,1972,Europe,71.44
Belgium,1977,Europe,72.8
Belgium,1982,Europe,73.93
Belgium,1987,Europe,75.35
Belgium,1992,Europe,76.46
Belgium,1997,Europe,77.53
Belgium,2002,Europe,78.32
Belgium,2007,Europe,79.441
Benin,1952,Africa,38.223
Benin,1957,Africa,40.358
Benin,1962,Africa,42.618
Benin,1967,Africa,44.885
Benin,1972,Africa,47.014
Benin,1977,Africa,49.19
Benin,1982,Africa,50.904
Benin,1987,Africa,52.337
Benin,1992,Africa,53.919
Benin,1997,Africa,54.777
Benin,2002,Africa,54.406
Benin,2007,Africa,56.728
Bolivia,1952,Americas,40.414
Bolivia,1957,Americas,41.89
Bolivia,1962,Americas,43.428
Bolivia,1967,Americas,45.032
Bolivia,1972,Americas,46.714
Bolivia,1977,Americas,50.023
Bolivia,1982,Americas,53.859
Bolivia,1987,Americas,57.251
Bolivia,1992,Americas,59.957
Bolivia,1997,Americas,62.05
Bolivia,2002,Americas,63.883
Bolivia,2007,Americas,65.554
Bosnia and Herzegovina,1952,Europe,53.82
Bosnia and Herzegovina,1957,Europe,58.45
Bosnia and Herzegovina,1962,Europe,61.93
Bosnia and Herzegovina,1967,Europe,64.79
Bosnia and Herzegovina,1972,Europe,67.45
Bosnia and Herzegovina,1977,Europe,69.86
Bosnia and Herzegovina,1982,Europe,70.69
Bosnia and Herzegovina,1987,Europe,71.14
Bosnia and Herzegovina,1992,Europe,72.178
Bosnia and Herzegovina,1997,Europe,73.244
Bosnia and Herzegovina,2002,Europe,74.09
Bosnia and Herzegovina,2007,Europe,74.852
Botswana,1952,Africa,47.622
Botswana,1957,Africa,49.618
Botswana,1962,Africa,51.52
Botswana,1967,Africa,53.298
Botswana,1972,Africa,56.024
Botswana,1977,Africa,59.319
Botswana,1982,Africa,61.484
Botswana,1987,Africa,63.622
Botswana,1992,Africa,62.745
Botswana,1997,Africa,52.556
Botswana,2002,Africa,46.634
Botswana,2007,Africa,50.728
Brazil,1952,Americas,50.917
Brazil,1957,Americas,53.285
Brazil,1962,Americas,55.665
Brazil,1967,Americas,57.632
Brazil,1972,Americas,59.504
Brazil,1977,Americas,61.489
Brazil,1982,Americas,63.336
Brazil,1987,Americas,65.205
Brazil,1992,Americas,67.057
Brazil,1997,Americas,69.388
Brazil,2002,Americas,71.006
Brazil,2007,Americas,72.39
Bulgaria,1952,Europe,59.6
Bulgaria,1957,Europe,66.61
Bulgaria,1962,Europe,69.51
Bulgaria,1967,Europe,70.42
Bulgaria,1972,Europe,70.9
Bulgaria,1977,Europe,70.81
Bulgaria,1982,Europe,71.08
Bulgaria,1987,Europe,71.34
Bulgaria,1992,Europe,71.19
Bulgaria,1997,Europe,70.32
Bulgaria,2002,Europe,72.14
Bulgaria,2007,Europe,73.005
Burkina Faso,1952,Africa,31.975
Burkina Faso,1957,Africa,34.906
Burkina Faso,1962,Africa,37.814
Burkina Faso,1967,Africa,40.697
Burkina Faso,1972,Africa,43.591
Burkina Faso,1977,Africa,46.137
Burkina Faso,1982,Africa,48.122
Burkina Faso,1987,Africa,49.557
Burkina Faso,1992,Africa,50.26
Burkina Faso,1997,Africa,50.324
Burkina Faso,2002,Africa,50.65
Burkina Faso,2007,Africa,52.295
Burundi,1952,Africa,39.031
Burundi,1957,Africa,40.533
Burundi,1962,Africa,42.045
Burundi,1967,Africa,43.548
Burundi,1972,Africa,44.057
Burundi,1977,Africa,45.91
Burundi,1982,Africa,47.471
Burundi,1987,Africa,48.211
Burundi,1992,Africa,44.736
Burundi,1997,Africa,45.326
Burundi,2002,Africa,47.36
Burundi,2007,Africa,49.58
Cambodia,1952,Asia,39.417
Cambodia,1957,Asia,41.366
Cambodia,1962,Asia,43.415
Cambodia,1967,Asia,45.415
Cambodia,1972,Asia,40.317
Cambodia,1977,Asia,31.22
Cambodia,1982,Asia,50.957
Cambodia,1987,Asia,53.914
Cambodia,1992,Asia,55.803
Cambodia,1997,Asia,56.534
Cambodia,2002,Asia,56.752
Cambodia,2007,Asia,59.723
Cameroon,1952,Africa,38.523
Cameroon,1957,Africa,40.428
Cameroon,1962,Africa,42.643
Cameroon,1967,Africa,44.799
Cameroon,1972,Africa,47.049
Cameroon,1977,Africa,49.355
Cameroon,1982,Africa,52.961
Cameroon,1987,Africa,54.985
Cameroon,1992,Africa,54.314
Cameroon,1997,Africa,52.199
Cameroon,2002,Africa,49.856
Cameroon,2007,Africa,50.43
Canada,1952,Americas,68.75
Canada,1957,Americas,69.96
Canada,1962,Americas,71.3
Canada,1967,Americas,72.13
Canada,1972,Americas,72.88
Canada,1977,Americas,74.21
Canada,1982,Americas,75.76
Canada,1987,Americas,76.86
Canada,1992,Americas,77.95
Canada,1997,Americas,78.61
Canada,2002,Americas,79.77
Canada,2007,Americas,80.653
Central African Republic,1952,Africa,35.463
Central African Republic,1957,Africa,37.464
Central African Republic,1962,Africa,39.475
Central African Republic,1967,Africa,41.478
Central African Republic,1972,Africa,43.457
Central African Republic,1977,Africa,46.775
Central African Republic,1982,Africa,48.295
Central African Republic,1987,Africa,50.485
Central African Republic,1992,Africa,49.396
Central African Republic,1997,Africa,46.066
Central African Republic,2002,Africa,43.308
Central African Republic,2007,Africa,44.741
Chad,1952,Africa,38.092
Chad,1957,Africa,39.881
Chad,1962,Africa,41.716
Chad,1967,Africa,43.601
Chad,1972,Africa,45.569
Chad,1977,Africa,47.383
Chad,1982,Africa,49.517
Chad,1987,Africa,51.051
Chad,1992,Africa,51.724
Chad,1997,Africa,51.573
Chad,2002,Africa,50.525
Chad,2007,Africa,50.651
Chile,1952,Americas,54.745
Chile,1957,Americas,56.074
Chile,1962,Americas,57.924
Chile,1967,Americas,60.523
Chile,1972,Americas,63.441
Chile,1977,Americas,67.052
Chile,1982,Americas,70.565
Chile,1987,Americas,72.492
Chile,1992,Americas,74.126
Chile,1997,Americas,75.816
Chile,2002,Americas,77.86
Chile,2007,Americas,78.553
China,1952,Asia,44
China,1957,Asia,50.54896
China,1962,Asia,44.50136
China,1967,Asia,58.38112
China,1972,Asia,63.11888
China,1977,Asia,63.96736
China,1982,Asia,65.525
China,1987,Asia,67.274
China,1992,Asia,68.69
China,1997,Asia,70.426
China,2002,Asia,72.028
China,2007,Asia,72.961
Colombia,1952,Americas,50.643
Colombia,1957,Americas,55.118
Colombia,1962,Americas,57.863
Colombia,1967,Americas,59.963
Colombia,1972,Americas,61.623
Colombia,1977,Americas,63.837
Colombia,1982,Americas,66.653
Colombia,1987,Americas,67.768
Colombia,1992,Americas,68.421
Colombia,1997,Americas,70.313
Colombia,2002,Americas,71.682
Colombia,2007,Americas,72.889
Comoros,1952,Africa,40.715
Comoros,1957,Africa,42.46
Comoros,1962,Africa,44.467
Comoros,1967,Africa,46.472
Comoros,1972,Africa,48.944
Comoros,1977,Africa,50.939
Comoros,1982,Africa,52.933
Comoros,1987,Africa,54.926
Comoros,1992,Africa,57.939
Comoros,1997,Africa,60.66
Comoros,2002,Africa,62.974
Comoros,2007,Africa,65.152
Congo Dem. Rep.,1952,Africa,39.143
Congo Dem. Rep.,1957,Africa,40.652
Congo Dem. Rep.,1962,Africa,42.122
Congo Dem. Rep.,1967,Africa,44.056
Congo Dem. Rep.,1972,Africa,45.989
Congo Dem. Rep.,1977,Africa,47.804
Congo Dem. Rep.,1982,Africa,47.784
Congo Dem. Rep.,1987,Africa,47.412
Congo Dem. Rep.,1992,Africa,45.548
Congo Dem. Rep.,1997,Africa,42.587
Congo Dem. Rep.,2002,Africa,44.966
Congo Dem. Rep.,2007,Africa,46.462
Congo Rep.,1952,Africa,42.111
Congo Rep.,1957,Africa,45.053
Congo Rep.,1962,Africa,48.435
Congo Rep.,1967,Africa,52.04
Congo Rep.,1972,Africa,54.907
Congo Rep.,1977,Africa,55.625
Congo Rep.,1982,Africa,56.695
Congo Rep.,1987,Africa,57.47
Congo Rep.,1992,Africa,56.433
Congo Rep.,1997,Africa,52.962
Congo Rep.,2002,Africa,52.97
Congo Rep.,2007,Africa,55.322
Costa Rica,1952,Americas,57.206
Costa Rica,1957,Americas,60.026
Costa Rica,1962,Americas,62.842
Costa Rica,1967,Americas,65.424
Costa Rica,1972,Americas,67.849
Costa Rica,1977,Americas,70.75
Costa Rica,1982,Americas,73.45
Costa Rica,1987,Americas,74.752
Costa Rica,1992,Americas,75.713
Costa Rica,1997,Americas,77.26
Costa Rica,2002,Americas,78.123
Costa Rica,2007,Americas,78.782
Cote d'Ivoire,1952,Africa,40.477
Cote d'Ivoire,1957,Africa,42.469
Cote d'Ivoire,1962,Africa,44.93
Cote d'Ivoire,1967,Africa,47.35
Cote d'Ivoire,1972,Africa,49.801
Cote d'Ivoire,1977,Africa,52.374
Cote d'Ivoire,1982,Africa,53.983
Cote d'Ivoire,1987,Africa,54.655
Cote d'Ivoire,1992,Africa,52.044
Cote d'Ivoire,1997,Africa,47.991
Cote d'Ivoire,2002,Africa,46.832
Cote d'Ivoire,2007,Africa,48.328
Croatia,1952,Europe,61.21
Croatia,1957,Europe,64.77
Croatia,1962,Europe,67.13
Croatia,1967,Europe,68.5
Croatia,1972,Europe,69.61
Croatia,1977,Europe,70.64
Croatia,1982,Europe,70.46
Croatia,1987,Europe,71.52
Croatia,1992,Europe,72.527
Croatia,1997,Europe,73.68
Croatia,2002,Europe,74.876
Croatia,2007,Europe,75.748
Cuba,1952,Americas,59.421
Cuba,1957,Americas,62.325
Cuba,1962,Americas,65.246
Cuba,1967,Americas,68.29
Cuba,1972,Americas,70.723
Cuba,1977,Americas,72.649
Cuba,1982,Americas,73.717
Cuba,1987,Americas,74.174
Cuba,1992,Americas,74.414
Cuba,1997,Americas,76.151
Cuba,2002,Americas,77.158
Cuba,2007,Americas,78.273
Czech Republic,1952,Europe,66.87
Czech Republic,1957,Europe,69.03
Czech Republic,1962,Europe,69.9
Czech Republic,1967,Europe,70.38
Czech Republic,1972,Europe,70.29
Czech Republic,1977,Europe,70.71
Czech Republic,1982,Europe,70.96
Czech Republic,1987,Europe,71.58
Czech Republic,1992,Europe,72.4
Czech Republic,1997,Europe,74.01
Czech Republic,2002,Europe,75.51
Czech Republic,2007,Europe,76.486
Denmark,1952,Europe,70.78
Denmark,1957,Europe,71.81
Denmark,1962,Europe,72.35
Denmark,1967,Europe,72.96
Denmark,1972,Europe,73.47
Denmark,1977,Europe,74.69
Denmark,1982,Europe,74.63
Denmark,1987,Europe,74.8
Denmark,1992,Europe,75.33
Denmark,1997,Europe,76.11
Denmark,2002,Europe,77.18
Denmark,2007,Europe,78.332
Djibouti,1952,Africa,34.812
Djibouti,1957,Africa,37.328
Djibouti,1962,Africa,39.693
Djibouti,1967,Africa,42.074
Djibouti,1972,Africa,44.366
Djibouti,1977,Africa,46.519
Djibouti,1982,Africa,48.812
Djibouti,1987,Africa,50.04
Djibouti,1992,Africa,51.604
Djibouti,1997,Africa,53.157
Djibouti,2002,Africa,53.373
Djibouti,2007,Africa,54.791
Dominican Republic,1952,Americas,45.928
Dominican Republic,1957,Americas,49.828
Dominican Republic,1962,Americas,53.459
Dominican Republic,1967,Americas,56.751
Dominican Republic,1972,Americas,59.631
Dominican Republic,1977,Americas,61.788
Dominican Republic,1982,Americas,63.727
Dominican Republic,1987,Americas,66.046
Dominican Republic,1992,Americas,68.457
Dominican Republic,1997,Americas,69.957
Dominican Republic,2002,Americas,70.847
Dominican Republic,2007,Americas,72.235
Ecuador,1952,Americas,48.357
Ecuador,1957,Americas,51.356
Ecuador,1962,Americas,54.64
Ecuador,1967,Americas,56.678
Ecuador,1972,Americas,58.796
Ecuador,1977,Americas,61.31
Ecuador,1982,Americas,64.342
Ecuador,1987,Americas,67.231
Ecuador,1992,Americas,69.613
Ecuador,1997,Americas,72.312
Ecuador,2002,Americas,74.173
Ecuador,2007,Americas,74.994
Egypt,1952,Africa,41.893
Egypt,1957,Africa,44.444
Egypt,1962,Africa,46.992
Egypt,1967,Africa,49.293
Egypt,1972,Africa,51.137
Egypt,1977,Africa,53.319
Egypt,1982,Africa,56.006
Egypt,1987,Africa,59.797
Egypt,1992,Africa,63.674
Egypt,1997,Africa,67.217
Egypt,2002,Africa,69.806
Egypt,2007,Africa,71.338
El Salvador,1952,Americas,45.262
El Salvador,1957,Americas,48.57
El Salvador,1962,Americas,52.307
El Salvador,1967,Americas,55.855
El Salvador,1972,Americas,58.207
El Salvador,1977,Americas,56.696
El Salvador,1982,Americas,56.604
El Salvador,1987,Americas,63.154
El Salvador,1992,Americas,66.798
El Salvador,1997,Americas,69.535
El Salvador,2002,Americas,70.734
El Salvador,2007,Americas,71.878
Equatorial Guinea,1952,Africa,34.482
Equatorial Guinea,1957,Africa,35.983
Equatorial Guinea,1962,Africa,37.485
Equatorial Guinea,1967,Africa,38.987
Equatorial Guinea,1972,Africa,40.516
Equatorial Guinea,1977,Africa,42.024
Equatorial Guinea,1982,Africa,43.662
Equatorial Guinea,1987,Africa,45.664
Equatorial Guinea,1992,Africa,47.545
Equatorial Guinea,1997,Africa,48.245
Equatorial Guinea,2002,Africa,49.348
Equatorial Guinea,2007,Africa,51.579
Eritrea,1952,Africa,35.928
Eritrea,1957,Africa,38.047
Eritrea,1962,Africa,40.158
Eritrea,1967,Africa,42.189
Eritrea,1972,Africa,44.142
Eritrea,1977,Africa,44.535
Eritrea,1982,Africa,43.89
Eritrea,1987,Africa,46.453
Eritrea,1992,Africa,49.991
Eritrea,1997,Africa,53.378
Eritrea,2002,Africa,55.24
Eritrea,2007,Africa,58.04
Ethiopia,1952,Africa,34.078
Ethiopia,1957,Africa,36.667
Ethiopia,1962,Africa,40.059
Ethiopia,1967,Africa,42.115
Ethiopia,1972,Africa,43.515
Ethiopia,1977,Africa,44.51
Ethiopia,1982,Africa,44.916
Ethiopia,1987,Africa,46.684
Ethiopia,1992,Africa,48.091
Ethiopia,1997,Africa,49.402
Ethiopia,2002,Africa,50.725
Ethiopia,2007,Africa,52.947
Finland,1952,Europe,66.55
Finland,1957,Europe,67.49
Finland,1962,Europe,68.75
Finland,1967,Europe,69.83
Finland,1972,Europe,70.87
Finland,1977,Europe,72.52
Finland,1982,Europe,74.55
Finland,1987,Europe,74.83
Finland,1992,Europe,75.7
Finland,1997,Europe,77.13
Finland,2002,Europe,78.37
Finland,2007,Europe,79.313
France,1952,Europe,67.41
France,1957,Europe,68.93
France,1962,Europe,70.51
France,1967,Europe,71.55
France,1972,Europe,72.38
France,1977,Europe,73.83
France,1982,Europe,74.89
France,1987,Europe,76.34
France,1992,Europe,77.46
France,1997,Europe,78.64
France,2002,Europe,79.59
France,2007,Europe,80.657
Gabon,1952,Africa,37.003
Gabon,1957,Africa,38.999
Gabon,1962,Africa,40.489
Gabon,1967,Africa,44.598
Gabon,1972,Africa,48.69
Gabon,1977,Africa,52.79
Gabon,1982,Africa,56.564
Gabon,1987,Africa,60.19
Gabon,1992,Africa,61.366
Gabon,1997,Africa,60.461
Gabon,2002,Africa,56.761
Gabon,2007,Africa,56.735
Gambia,1952,Africa,30
Gambia,1957,Africa,32.065
Gambia,1962,Africa,33.896
Gambia,1967,Africa,35.857
Gambia,1972,Africa,38.308
Gambia,1977,Africa,41.842
Gambia,1982,Africa,45.58
Gambia,1987,Africa,49.265
Gambia,1992,Africa,52.644
Gambia,1997,Africa,55.861
Gambia,2002,Africa,58.041
Gambia,2007,Africa,59.448
Germany,1952,Europe,67.5
Germany,1957,Europe,69.1
Germany,1962,Europe,70.3
Germany,1967,Europe,70.8
Germany,1972,Europe,71
Germany,1977,Europe,72.5
Germany,1982,Europe,73.8
Germany,1987,Europe,74.847
Germany,1992,Europe,76.07
Germany,1997,Europe,77.34
Germany,2002,Europe,78.67
Germany,2007,Europe,79.406
Ghana,1952,Africa,43.149
Ghana,1957,Africa,44.779
Ghana,1962,Africa,46.452
Ghana,1967,Africa,48.072
Ghana,1972,Africa,49.875
Ghana,1977,Africa,51.756
Ghana,1982,Africa,53.744
Ghana,1987,Africa,55.729
Ghana,1992,Africa,57.501
Ghana,1997,Africa,58.556
Ghana,2002,Africa,58.453
Ghana,2007,Africa,60.022
Greece,1952,Europe,65.86
Greece,1957,Europe,67.86
Greece,1962,Europe,69.51
Greece,1967,Europe,71
Greece,1972,Europe,72.34
Greece,1977,Europe,73.68
Greece,1982,Europe,75.24
Greece,1987,Europe,76.67
Greece,1992,Europe,77.03
Greece,1997,Europe,77.869
Greece,2002,Europe,78.256
Greece,2007,Europe,79.483
Guatemala,1952,Americas,42.023
Guatemala,1957,Americas,44.142
Guatemala,1962,Americas,46.954
Guatemala,1967,Americas,50.016
Guatemala,1972,Americas,53.738
Guatemala,1977,Americas,56.029
Guatemala,1982,Americas,58.137
Guatemala,1987,Americas,60.782
Guatemala,1992,Americas,63.373
Guatemala,1997,Americas,66.322
Guatemala,2002,Americas,68.978
Guatemala,2007,Americas,70.259
Guinea,1952,Africa,33.609
Guinea,1957,Africa,34.558
Guinea,1962,Africa,35.753
Guinea,1967,Africa,37.197
Guinea,1972,Africa,38.842
Guinea,1977,Africa,40.762
Guinea,1982,Africa,42.891
Guinea,1987,Africa,45.552
Guinea,1992,Africa,48.576
Guinea,1997,Africa,51.455
Guinea,2002,Africa,53.676
Guinea,2007,Africa,56.007
Guinea-Bissau,1952,Africa,32.5
Guinea-Bissau,1957,Africa,33.489
Guinea-Bissau,1962,Africa,34.488
Guinea-Bissau,1967,Africa,35.492
Guinea-Bissau,1972,Africa,36.486
Guinea-Bissau,1977,Africa,37.465
Guinea-Bissau,1982,Africa,39.327
Guinea-Bissau,1987,Africa,41.245
Guinea-Bissau,1992,Africa,43.266
Guinea-Bissau,1997,Africa,44.873
Guinea-Bissau,2002,Africa,45.504
Guinea-Bissau,2007,Africa,46.388
Haiti,1952,Americas,37.579
Haiti,1957,Americas,40.696
Haiti,1962,Americas,43.59
Haiti,1967,Americas,46.243
Haiti,1972,Americas,48.042
Haiti,1977,Americas,49.923
Haiti,1982,Americas,51.461
Haiti,1987,Americas,53.636
Haiti,1992,Americas,55.089
Haiti,1997,Americas,56.671
Haiti,2002,Americas,58.137
Haiti,2007,Americas,60.916
Honduras,1952,Americas,41.912
Honduras,1957,Americas,44.665
Honduras,1962,Americas,48.041
Honduras,1967,Americas,50.924
Honduras,1972,Americas,53.884
Honduras,1977,Americas,57.402
Honduras,1982,Americas,60.909
Honduras,1987,Americas,64.492
Honduras,1992,Americas,66.399
Honduras,1997,Americas,67.659
Honduras,2002,Americas,68.565
Honduras,2007,Americas,70.198
Hong Kong China,1952,Asia,60.96
Hong Kong China,1957,Asia,64.75
Hong Kong China,1962,Asia,67.65
Hong Kong China,1967,Asia,70
Hong Kong China,1972,Asia,72
Hong Kong China,1977,Asia,73.6
Hong Kong China,1982,Asia,75.45
Hong Kong China,1987,Asia,76.2
Hong Kong China,1992,Asia,77.601
Hong Kong China,1997,Asia,80
Hong Kong China,2002,Asia,81.495
Hong Kong China,2007,Asia,82.208
Hungary,1952,Europe,64.03
Hungary,1957,Europe,66.41
Hungary,1962,Europe,67.96
Hungary,1967,Europe,69.5
Hungary,1972,Europe,69.76
Hungary,1977,Europe,69.95
Hungary,1982,Europe,69.39
Hungary,1987,Europe,69.58
Hungary,1992,Europe,69.17
Hungary,1997,Europe,71.04
Hungary,2002,Europe,72.59
Hungary,2007,Europe,73.338
Iceland,1952,Europe,72.49
Iceland,1957,Europe,73.47
Iceland,1962,Europe,73.68
Iceland,1967,Europe,73.73
Iceland,1972,Europe,74.46
Iceland,1977,Europe,76.11
Iceland,1982,Europe,76.99
Iceland,1987,Europe,77.23
Iceland,1992,Europe,78.77
Iceland,1997,Europe,78.95
Iceland,2002,Europe,80.5
Iceland,2007,Europe,81.757
India,1952,Asia,37.373
India,1957,Asia,40.249
India,1962,Asia,43.605
India,1967,Asia,47.193
India,1972,Asia,50.651
India,1977,Asia,54.208
India,1982,Asia,56.596
India,1987,Asia,58.553
India,1992,Asia,60.223
India,1997,Asia,61.765
India,2002,Asia,62.879
India,2007,Asia,64.698
Indonesia,1952,Asia,37.468
Indonesia,1957,Asia,39.918
Indonesia,1962,Asia,42.518
Indonesia,1967,Asia,45.964
Indonesia,1972,Asia,49.203
Indonesia,1977,Asia,52.702
Indonesia,1982,Asia,56.159
Indonesia,1987,Asia,60.137
Indonesia,1992,Asia,62.681
Indonesia,1997,Asia,66.041
Indonesia,2002,Asia,68.588
Indonesia,2007,Asia,70.65
Iran,1952,Asia,44.869
Iran,1957,Asia,47.181
Iran,1962,Asia,49.325
Iran,1967,Asia,52.469
Iran,1972,Asia,55.234
Iran,1977,Asia,57.702
Iran,1982,Asia,59.62
Iran,1987,Asia,63.04
Iran,1992,Asia,65.742
Iran,1997,Asia,68.042
Iran,2002,Asia,69.451
Iran,2007,Asia,70.964
Iraq,1952,Asia,45.32
Iraq,1957,Asia,48.437
Iraq,1962,Asia,51.457
Iraq,1967,Asia,54.459
Iraq,1972,Asia,56.95
Iraq,1977,Asia,60.413
Iraq,1982,Asia,62.038
Iraq,1987,Asia,65.044
Iraq,1992,Asia,59.461
Iraq,1997,Asia,58.811
Iraq,2002,Asia,57.046
Iraq,2007,Asia,59.545
Ireland,1952,Europe,66.91
Ireland,1957,Europe,68.9
Ireland,1962,Europe,70.29
Ireland,1967,Europe,71.08
Ireland,1972,Europe,71.28
Ireland,1977,Europe,72.03
Ireland,1982,Europe,73.1
Ireland,1987,Europe,74.36
Ireland,1992,Europe,75.467
Ireland,1997,Europe,76.122
Ireland,2002,Europe,77.783
Ireland,2007,Europe,78.885
Israel,1952,Asia,65.39
Israel,1957,Asia,67.84
Israel,1962,Asia,69.39
Israel,1967,Asia,70.75
Israel,1972,Asia,71.63
Israel,1977,Asia,73.06
Israel,1982,Asia,74.45
Israel,1987,Asia,75.6
Israel,1992,Asia,76.93
Israel,1997,Asia,78.269
Israel,2002,Asia,79.696
Israel,2007,Asia,80.745
Italy,1952,Europe,65.94
Italy,1957,Europe,67.81
Italy,1962,Europe,69.24
Italy,1967,Europe,71.06
Italy,1972,Europe,72.19
Italy,1977,Europe,73.48
Italy,1982,Europe,74.98
Italy,1987,Europe,76.42
Italy,1992,Europe,77.44
Italy,1997,Europe,78.82
Italy,2002,Europe,80.24
Italy,2007,Europe,80.546
Jamaica,1952,Americas,58.53
Jamaica,1957,Americas,62.61
Jamaica,1962,Americas,65.61
Jamaica,1967,Americas,67.51
Jamaica,1972,Americas,69
Jamaica,1977,Americas,70.11
Jamaica,1982,Americas,71.21
Jamaica,1987,Americas,71.77
Jamaica,1992,Americas,71.766
Jamaica,1997,Americas,72.262
Jamaica,2002,Americas,72.047
Jamaica,2007,Americas,72.567
Japan,1952,Asia,63.03
Japan,1957,Asia,65.5
Japan,1962,Asia,68.73
Japan,1967,Asia,71.43
Japan,1972,Asia,73.42
Japan,1977,Asia,75.38
Japan,1982,Asia,77.11
Japan,1987,Asia,78.67
Japan,1992,Asia,79.36
Japan,1997,Asia,80.69
Japan,2002,Asia,82
Japan,2007,Asia,82.603
Jordan,1952,Asia,43.158
Jordan,1957,Asia,45.669
Jordan,1962,Asia,48.126
Jordan,1967,Asia,51.629
Jordan,1972,Asia,56.528
Jordan,1977,Asia,61.134
Jordan,1982,Asia,63.739
Jordan,1987,Asia,65.869
Jordan,1992,Asia,68.015
Jordan,1997,Asia,69.772
Jordan,2002,Asia,71.263
Jordan,2007,Asia,72.535
Kenya,1952,Africa,42.27
Kenya,1957,Africa,44.686
Kenya,1962,Africa,47.949
Kenya,1967,Africa,50.654
Kenya,1972,Africa,53.559
Kenya,1977,Africa,56.155
Kenya,1982,Africa,58.766
Kenya,1987,Africa,59.339
Kenya,1992,Africa,59.285
Kenya,1997,Africa,54.407
Kenya,2002,Africa,50.992
Kenya,2007,Africa,54.11
Korea Dem. Rep.,1952,Asia,50.056
Korea Dem. Rep.,1957,Asia,54.081
Korea Dem. Rep.,1962,Asia,56.656
Korea Dem. Rep.,1967,Asia,59.942
Korea Dem. Rep.,1972,Asia,63.983
Korea Dem. Rep.,1977,Asia,67.159
Korea Dem. Rep.,1982,Asia,69.1
Korea Dem. Rep.,1987,Asia,70.647
Korea Dem. Rep.,1992,Asia,69.978
Korea Dem. Rep.,1997,Asia,67.727
Korea Dem. Rep.,2002,Asia,66.662
Korea Dem. Rep.,2007,Asia,67.297
Korea Rep.,1952,Asia,47.453
Korea Rep.,1957,Asia,52.681
Korea Rep.,1962,Asia,55.292
Korea Rep.,1967,Asia,57.716
Korea Rep.,1972,Asia,62.612
Korea Rep.,1977,Asia,64.766
Korea Rep.,1982,Asia,67.123
Korea Rep.,1987,Asia,69.81
Korea Rep.,1992,Asia,72.244
Korea Rep.,1997,Asia,74.647
Korea Rep.,2002,Asia,77.045
Korea Rep.,2007,Asia,78.623
Kuwait,1952,Asia,55.565
Kuwait,1957,Asia,58.033
Kuwait,1962,Asia,60.47
Kuwait,1967,Asia,64.624
Kuwait,1972,Asia,67.712
Kuwait,1977,Asia,69.343
Kuwait,1982,Asia,71.309
Kuwait,1987,Asia,74.174
Kuwait,1992,Asia,75.19
Kuwait,1997,Asia,76.156
Kuwait,2002,Asia,76.904
Kuwait,2007,Asia,77.588
Lebanon,1952,Asia,55.928
Lebanon,1957,Asia,59.489
Lebanon,1962,Asia,62.094
Lebanon,1967,Asia,63.87
Lebanon,1972,Asia,65.421
Lebanon,1977,Asia,66.099
Lebanon,1982,Asia,66.983
Lebanon,1987,Asia,67.926
Lebanon,1992,Asia,69.292
Lebanon,1997,Asia,70.265
Lebanon,2002,Asia,71.028
Lebanon,2007,Asia,71.993
Lesotho,1952,Africa,42.138
Lesotho,1957,Africa,45.047
Lesotho,1962,Africa,47.747
Lesotho,1967,Africa,48.492
Lesotho,1972,Africa,49.767
Lesotho,1977,Africa,52.208
Lesotho,1982,Africa,55.078
Lesotho,1987,Africa,57.18
Lesotho,1992,Africa,59.685
Lesotho,1997,Africa,55.558
Lesotho,2002,Africa,44.593
Lesotho,2007,Africa,42.592
Liberia,1952,Africa,38.48
Liberia,1957,Africa,39.486
Liberia,1962,Africa,40.502
Liberia,1967,Africa,41.536
Liberia,1972,Africa,42.614
Liberia,1977,Africa,43.764
Liberia,1982,Africa,44.852
Liberia,1987,Africa,46.027
Liberia,1992,Africa,40.802
Liberia,1997,Africa,42.221
Liberia,2002,Africa,43.753
Liberia,2007,Africa,45.678
Libya,1952,Africa,42.723
Libya,1957,Africa,45.289
Libya,1962,Africa,47.808
Libya,1967,Africa,50.227
Libya,1972,Africa,52.773
Libya,1977,Africa,57.442
Libya,1982,Africa,62.155
Libya,1987,Africa,66.234
Libya,1992,Africa,68.755
Libya,1997,Africa,71.555
Libya,2002,Africa,72.737
Libya,2007,Africa,73.952
Madagascar,1952,Africa,36.681
Madagascar,1957,Africa,38.865
Madagascar,1962,Africa,40.848
Madagascar,1967,Africa,42.881
Madagascar,1972,Africa,44.851
Madagascar,1977,Africa,46.881
Madagascar,1982,Africa,48.969
Madagascar,1987,Africa,49.35
Madagascar,1992,Africa,52.214
Madagascar,1997,Africa,54.978
Madagascar,2002,Africa,57.286
Madagascar,2007,Africa,59.443
Malawi,1952,Africa,36.256
Malawi,1957,Africa,37.207
Malawi,1962,Africa,38.41
Malawi,1967,Africa,39.487
Malawi,1972,Africa,41.766
Malawi,1977,Africa,43.767
Malawi,1982,Africa,45.642
Malawi,1987,Africa,47.457
Malawi,1992,Africa,49.42
Malawi,1997,Africa,47.495
Malawi,2002,Africa,45.009
Malawi,2007,Africa,48.303
Malaysia,1952,Asia,48.463
Malaysia,1957,Asia,52.102
Malaysia,1962,Asia,55.737
Malaysia,1967,Asia,59.371
Malaysia,1972,Asia,63.01
Malaysia,1977,Asia,65.256
Malaysia,1982,Asia,68
Malaysia,1987,Asia,69.5
Malaysia,1992,Asia,70.693
Malaysia,1997,Asia,71.938
Malaysia,2002,Asia,73.044
Malaysia,2007,Asia,74.241
Mali,1952,Africa,33.685
Mali,1957,Africa,35.307
Mali,1962,Africa,36.936
Mali,1967,Africa,38.487
Mali,1972,Africa,39.977
Mali,1977,Africa,41.714
Mali,1982,Africa,43.916
Mali,1987,Africa,46.364
Mali,1992,Africa,48.388
Mali,1997,Africa,49.903
Mali,2002,Africa,51.818
Mali,2007,Africa,54.467
Mauritania,1952,Africa,40.543
Mauritania,1957,Africa,42.338
Mauritania,1962,Africa,44.248
Mauritania,1967,Africa,46.289
Mauritania,1972,Africa,48.437
Mauritania,1977,Africa,50.852
Mauritania,1982,Africa,53.599
Mauritania,1987,Africa,56.145
Mauritania,1992,Africa,58.333
Mauritania,1997,Africa,60.43
Mauritania,2002,Africa,62.247
Mauritania,2007,Africa,64.164
Mauritius,1952,Africa,50.986
Mauritius,1957,Africa,58.089
Mauritius,1962,Africa,60.246
Mauritius,1967,Africa,61.557
Mauritius,1972,Africa,62.944
Mauritius,1977,Africa,64.93
Mauritius,1982,Africa,66.711
Mauritius,1987,Africa,68.74
Mauritius,1992,Africa,69.745
Mauritius,1997,Africa,70.736
Mauritius,2002,Africa,71.954
Mauritius,2007,Africa,72.801
Mexico,1952,Americas,50.789
Mexico,1957,Americas,55.19
Mexico,1962,Americas,58.299
Mexico,1967,Americas,60.11
Mexico,1972,Americas,62.361
Mexico,1977,Americas,65.032
Mexico,1982,Americas,67.405
Mexico,1987,Americas,69.498
Mexico,1992,Americas,71.455
Mexico,1997,Americas,73.67
Mexico,2002,Americas,74.902
Mexico,2007,Americas,76.195
Mongolia,1952,Asia,42.244
Mongolia,1957,Asia,45.248
Mongolia,1962,Asia,48.251
Mongolia,1967,Asia,51.253
Mongolia,1972,Asia,53.754
Mongolia,1977,Asia,55.491
Mongolia,1982,Asia,57.489
Mongolia,1987,Asia,60.222
Mongolia,1992,Asia,61.271
Mongolia,1997,Asia,63.625
Mongolia,2002,Asia,65.033
Mongolia,2007,Asia,66.803
Montenegro,1952,Europe,59.164
Montenegro,1957,Europe,61.448
Montenegro,1962,Europe,63.728
Montenegro,1967,Europe,67.178
Montenegro,1972,Europe,70.636
Montenegro,1977,Europe,73.066
Montenegro,1982,Europe,74.101
Montenegro,1987,Europe,74.865
Montenegro,1992,Europe,75.435
Montenegro,1997,Europe,75.445
Montenegro,2002,Europe,73.981
Montenegro,2007,Europe,74.543
Morocco,1952,Africa,42.873
Morocco,1957,Africa,45.423
Morocco,1962,Africa,47.924
Morocco,1967,Africa,50.335
Morocco,1972,Africa,52.862
Morocco,1977,Africa,55.73
Morocco,1982,Africa,59.65
Morocco,1987,Africa,62.677
Morocco,1992,Africa,65.393
Morocco,1997,Africa,67.66
Morocco,2002,Africa,69.615
Morocco,2007,Africa,71.164
Mozambique,1952,Africa,31.286
Mozambique,1957,Africa,33.779
Mozambique,1962,Africa,36.161
Mozambique,1967,Africa,38.113
Mozambique,1972,Africa,40.328
Mozambique,1977,Africa,42.495
Mozambique,1982,Africa,42.795
Mozambique,1987,Africa,42.861
Mozambique,1992,Africa,44.284
Mozambique,1997,Africa,46.344
Mozambique,2002,Africa,44.026
Mozambique,2007,Africa,42.082
Myanmar,1952,Asia,36.319
Myanmar,1957,Asia,41.905
Myanmar,1962,Asia,45.108
Myanmar,1967,Asia,49.379
Myanmar,1972,Asia,53.07
Myanmar,1977,Asia,56.059
Myanmar,1982,Asia,58.056
Myanmar,1987,Asia,58.339
Myanmar,1992,Asia,59.32
Myanmar,1997,Asia,60.328
Myanmar,2002,Asia,59.908
Myanmar,2007,Asia,62.069
Namibia,1952,Africa,41.725
Namibia,1957,Africa,45.226
Namibia,1962,Africa,48.386
Namibia,1967,Africa,51.159
Namibia,1972,Africa,53.867
Namibia,1977,Africa,56.437
Namibia,1982,Africa,58.968
Namibia,1987,Africa,60.835
Namibia,1992,Africa,61.999
Namibia,1997,Africa,58.909
Namibia,2002,Africa,51.479
Namibia,2007,Africa,52.906
Nepal,1952,Asia,36.157
Nepal,1957,Asia,37.686
Nepal,1962,Asia,39.393
Nepal,1967,Asia,41.472
Nepal,1972,Asia,43.971
Nepal,1977,Asia,46.748
Nepal,1982,Asia,49.594
Nepal,1987,Asia,52.537
Nepal,1992,Asia,55.727
Nepal,1997,Asia,59.426
Nepal,2002,Asia,61.34
Nepal,2007,Asia,63.785
Netherlands,1952,Europe,72.13
Netherlands,1957,Europe,72.99
Netherlands,1962,Europe,73.23
Netherlands,1967,Europe,73.82
Netherlands,1972,Europe,73.75
Netherlands,1977,Europe,75.24
Netherlands,1982,Europe,76.05
Netherlands,1987,Europe,76.83
Netherlands,1992,Europe,77.42
Netherlands,1997,Europe,78.03
Netherlands,2002,Europe,78.53
Netherlands,2007,Europe,79.762
New Zealand,1952,Oceania,69.39
New Zealand,1957,Oceania,70.26
New Zealand,1962,Oceania,71.24
New Zealand,1967,Oceania,71.52
New Zealand,1972,Oceania,71.89
New Zealand,1977,Oceania,72.22
New Zealand,1982,Oceania,73.84
New Zealand,1987,Oceania,74.32
New Zealand,1992,Oceania,76.33
New Zealand,1997,Oceania,77.55
New Zealand,2002,Oceania,79.11
New Zealand,2007,Oceania,80.204
Nicaragua,1952,Americas,42.314
Nicaragua,1957,Americas,45.432
Nicaragua,1962,Americas,48.632
Nicaragua,1967,Americas,51.884
Nicaragua,1972,Americas,55.151
Nicaragua,1977,Americas,57.47
Nicaragua,1982,Americas,59.298
Nicaragua,1987,Americas,62.008
Nicaragua,1992,Americas,65.843
Nicaragua,1997,Americas,68.426
Nicaragua,2002,Americas,70.836
Nicaragua,2007,Americas,72.899
Niger,1952,Africa,37.444
Niger,1957,Africa,38.598
Niger,1962,Africa,39.487
Niger,1967,Africa,40.118
Niger,1972,Africa,40.546
Niger,1977,Africa,41.291
Niger,1982,Africa,42.598
Niger,1987,Africa,44.555
Niger,1992,Africa,47.391
Niger,1997,Africa,51.313
Niger,2002,Africa,54.496
Niger,2007,Africa,56.867
Nigeria,1952,Africa,36.324
Nigeria,1957,Africa,37.802
Nigeria,1962,Africa,39.36
Nigeria,1967,Africa,41.04
Nigeria,1972,Africa,42.821
Nigeria,1977,Africa,44.514
Nigeria,1982,Africa,45.826
Nigeria,1987,Africa,46.886
Nigeria,1992,Africa,47.472
Nigeria,1997,Africa,47.464
Nigeria,2002,Africa,46.608
Nigeria,2007,Africa,46.859
Norway,1952,Europe,72.67
Norway,1957,Europe,73.44
Norway,1962,Europe,73.47
Norway,1967,Europe,74.08
Norway,1972,Europe,74.34
Norway,1977,Europe,75.37
Norway,1982,Europe,75.97
Norway,1987,Europe,75.89
Norway,1992,Europe,77.32
Norway,1997,Europe,78.32
Norway,2002,Europe,79.05
Norway,2007,Europe,80.196
Oman,1952,Asia,37.578
Oman,1957,Asia,40.08
Oman,1962,Asia,43.165
Oman,1967,Asia,46.988
Oman,1972,Asia,52.143
Oman,1977,Asia,57.367
Oman,1982,Asia,62.728
Oman,1987,Asia,67.734
Oman,1992,Asia,71.197
Oman,1997,Asia,72.499
Oman,2002,Asia,74.193
Oman,2007,Asia,75.64
Pakistan,1952,Asia,43.436
Pakistan,1957,Asia,45.557
Pakistan,1962,Asia,47.67
Pakistan,1967,Asia,49.8
Pakistan,1972,Asia,51.929
Pakistan,1977,Asia,54.043
Pakistan,1982,Asia,56.158
Pakistan,1987,Asia,58.245
Pakistan,1992,Asia,60.838
Pakistan,1997,Asia,61.818
Pakistan,2002,Asia,63.61
Pakistan,2007,Asia,65.483
Panama,1952,Americas,55.191
Panama,1957,Americas,59.201
Panama,1962,Americas,61.817
Panama,1967,Americas,64.071
Panama,1972,Americas,66.216
Panama,1977,Americas,68.681
Panama,1982,Americas,70.472
Panama,1987,Americas,71.523
Panama,1992,Americas,72.462
Panama,1997,Americas,73.738
Panama,2002,Americas,74.712
Panama,2007,Americas,75.537
Paraguay,1952,Americas,62.649
Paraguay,1957,Americas,63.196
Paraguay,1962,Americas,64.361
Paraguay,1967,Americas,64.951
Paraguay,1972,Americas,65.815
Paraguay,1977,Americas,66.353
Paraguay,1982,Americas,66.874
Paraguay,1987,Americas,67.378
Paraguay,1992,Americas,68.225
Paraguay,1997,Americas,69.4
Paraguay,2002,Americas,70.755
Paraguay,2007,Americas,71.752
Peru,1952,Americas,43.902
Peru,1957,Americas,46.263
Peru,1962,Americas,49.096
Peru,1967,Americas,51.445
Peru,1972,Americas,55.448
Peru,1977,Americas,58.447
Peru,1982,Americas,61.406
Peru,1987,Americas,64.134
Peru,1992,Americas,66.458
Peru,1997,Americas,68.386
Peru,2002,Americas,69.906
Peru,2007,Americas,71.421
Philippines,1952,Asia,47.752
Philippines,1957,Asia,51.334
Philippines,1962,Asia,54.757
Philippines,1967,Asia,56.393
Philippines,1972,Asia,58.065
Philippines,1977,Asia,60.06
Philippines,1982,Asia,62.082
Philippines,1987,Asia,64.151
Philippines,1992,Asia,66.458
Philippines,1997,Asia,68.564
Philippines,2002,Asia,70.303
Philippines,2007,Asia,71.688
Poland,1952,Europe,61.31
Poland,1957,Europe,65.77
Poland,1962,Europe,67.64
Poland,1967,Europe,69.61
Poland,1972,Europe,70.85
Poland,1977,Europe,70.67
Poland,1982,Europe,71.32
Poland,1987,Europe,70.98
Poland,1992,Europe,70.99
Poland,1997,Europe,72.75
Poland,2002,Europe,74.67
Poland,2007,Europe,75.563
Portugal,1952,Europe,59.82
Portugal,1957,Europe,61.51
Portugal,1962,Europe,64.39
Portugal,1967,Europe,66.6
Portugal,1972,Europe,69.26
Portugal,1977,Europe,70.41
Portugal,1982,Europe,72.77
Portugal,1987,Europe,74.06
Portugal,1992,Europe,74.86
Portugal,1997,Europe,75.97
Portugal,2002,Europe,77.29
Portugal,2007,Europe,78.098
Puerto Rico,1952,Americas,64.28
Puerto Rico,1957,Americas,68.54
Puerto Rico,1962,Americas,69.62
Puerto Rico,1967,Americas,71.1
Puerto Rico,1972,Americas,72.16
Puerto Rico,1977,Americas,73.44
Puerto Rico,1982,Americas,73.75
Puerto Rico,1987,Americas,74.63
Puerto Rico,1992,Americas,73.911
Puerto Rico,1997,Americas,74.917
Puerto Rico,2002,Americas,77.778
Puerto Rico,2007,Americas,78.746
Reunion,1952,Africa,52.724
Reunion,1957,Africa,55.09
Reunion,1962,Africa,57.666
Reunion,1967,Africa,60.542
Reunion,1972,Africa,64.274
Reunion,1977,Africa,67.064
Reunion,1982,Africa,69.885
Reunion,1987,Africa,71.913
Reunion,1992,Africa,73.615
Reunion,1997,Africa,74.772
Reunion,2002,Africa,75.744
Reunion,2007,Africa,76.442
Romania,1952,Europe,61.05
Romania,1957,Europe,64.1
Romania,1962,Europe,66.8
Romania,1967,Europe,66.8
Romania,1972,Europe,69.21
Romania,1977,Europe,69.46
Romania,1982,Europe,69.66
Romania,1987,Europe,69.53
Romania,1992,Europe,69.36
Romania,1997,Europe,69.72
Romania,2002,Europe,71.322
Romania,2007,Europe,72.476
Rwanda,1952,Africa,40
Rwanda,1957,Africa,41.5
Rwanda,1962,Africa,43
Rwanda,1967,Africa,44.1
Rwanda,1972,Africa,44.6
Rwanda,1977,Africa,45
Rwanda,1982,Africa,46.218
Rwanda,1987,Africa,44.02
Rwanda,1992,Africa,23.599
Rwanda,1997,Africa,36.087
Rwanda,2002,Africa,43.413
Rwanda,2007,Africa,46.242
Sao Tome and Principe,1952,Africa,46.471
Sao Tome and Principe,1957,Africa,48.945
Sao Tome and Principe,1962,Africa,51.893
Sao Tome and Principe,1967,Africa,54.425
Sao Tome and Principe,1972,Africa,56.48
Sao Tome and Principe,1977,Africa,58.55
Sao Tome and Principe,1982,Africa,60.351
Sao Tome and Principe,1987,Africa,61.728
Sao Tome and Principe,1992,Africa,62.742
Sao Tome and Principe,1997,Africa,63.306
Sao Tome and Principe,2002,Africa,64.337
Sao Tome and Principe,2007,Africa,65.528
Saudi Arabia,1952,Asia,39.875
Saudi Arabia,1957,Asia,42.868
Saudi Arabia,1962,Asia,45.914
Saudi Arabia,1967,Asia,49.901
Saudi Arabia,1972,Asia,53.886
Saudi Arabia,1977,Asia,58.69
Saudi Arabia,1982,Asia,63.012
Saudi Arabia,1987,Asia,66.295
Saudi Arabia,1992,Asia,68.768
Saudi Arabia,1997,Asia,70.533
Saudi Arabia,2002,Asia,71.626
Saudi Arabia,2007,Asia,72.777
Senegal,1952,Africa,37.278
Senegal,1957,Africa,39.329
Senegal,1962,Africa,41.454
Senegal,1967,Africa,43.563
Senegal,1972,Africa,45.815
Senegal,1977,Africa,48.879
Senegal,1982,Africa,52.379
Senegal,1987,Africa,55.769
Senegal,1992,Africa,58.196
Senegal,1997,Africa,60.187
Senegal,2002,Africa,61.6
Senegal,2007,Africa,63.062
Serbia,1952,Europe,57.996
Serbia,1957,Europe,61.685
Serbia,1962,Europe,64.531
Serbia,1967,Europe,66.914
Serbia,1972,Europe,68.7
Serbia,1977,Europe,70.3
Serbia,1982,Europe,70.162
Serbia,1987,Europe,71.218
Serbia,1992,Europe,71.659
Serbia,1997,Europe,72.232
Serbia,2002,Europe,73.213
Serbia,2007,Europe,74.002
Sierra Leone,1952,Africa,30.331
Sierra Leone,1957,Africa,31.57
Sierra Leone,1962,Africa,32.767
Sierra Leone,1967,Africa,34.113
Sierra Leone,1972,Africa,35.4
Sierra Leone,1977,Africa,36.788
Sierra Leone,1982,Africa,38.445
Sierra Leone,1987,Africa,40.006
Sierra Leone,1992,Africa,38.333
Sierra Leone,1997,Africa,39.897
Sierra Leone,2002,Africa,41.012
Sierra Leone,2007,Africa,42.568
Singapore,1952,Asia,60.396
Singapore,1957,Asia,63.179
Singapore,1962,Asia,65.798
Singapore,1967,Asia,67.946
Singapore,1972,Asia,69.521
Singapore,1977,Asia,70.795
Singapore,1982,Asia,71.76
Singapore,1987,Asia,73.56
Singapore,1992,Asia,75.788
Singapore,1997,Asia,77.158
Singapore,2002,Asia,78.77
Singapore,2007,Asia,79.972
Slovak Republic,1952,Europe,64.36
Slovak Republic,1957,Europe,67.45
Slovak Republic,1962,Europe,70.33
Slovak Republic,1967,Europe,70.98
Slovak Republic,1972,Europe,70.35
Slovak Republic,1977,Europe,70.45
Slovak Republic,1982,Europe,70.8
Slovak Republic,1987,Europe,71.08
Slovak Republic,1992,Europe,71.38
Slovak Republic,1997,Europe,72.71
Slovak Republic,2002,Europe,73.8
Slovak Republic,2007,Europe,74.663
Slovenia,1952,Europe,65.57
Slovenia,1957,Europe,67.85
Slovenia,1962,Europe,69.15
Slovenia,1967,Europe,69.18
Slovenia,1972,Europe,69.82
Slovenia,1977,Europe,70.97
Slovenia,1982,Europe,71.063
Slovenia,1987,Europe,72.25
Slovenia,1992,Europe,73.64
Slovenia,1997,Europe,75.13
Slovenia,2002,Europe,76.66
Slovenia,2007,Europe,77.926
Somalia,1952,Africa,32.978
Somalia,1957,Africa,34.977
Somalia,1962,Africa,36.981
Somalia,1967,Africa,38.977
Somalia,1972,Africa,40.973
Somalia,1977,Africa,41.974
Somalia,1982,Africa,42.955
Somalia,1987,Africa,44.501
Somalia,1992,Africa,39.658
Somalia,1997,Africa,43.795
Somalia,2002,Africa,45.936
Somalia,2007,Africa,48.159
South Africa,1952,Africa,45.009
South Africa,1957,Africa,47.985
South Africa,1962,Africa,49.951
South Africa,1967,Africa,51.927
South Africa,1972,Africa,53.696
South Africa,1977,Africa,55.527
South Africa,1982,Africa,58.161
South Africa,1987,Africa,60.834
South Africa,1992,Africa,61.888
South Africa,1997,Africa,60.236
South Africa,2002,Africa,53.365
South Africa,2007,Africa,49.339
Spain,1952,Europe,64.94
Spain,1957,Europe,66.66
Spain,1962,Europe,69.69
Spain,1967,Europe,71.44
Spain,1972,Europe,73.06
Spain,1977,Europe,74.39
Spain,1982,Europe,76.3
Spain,1987,Europe,76.9
Spain,1992,Europe,77.57
Spain,1997,Europe,78.77
Spain,2002,Europe,79.78
Spain,2007,Europe,80.941
Sri Lanka,1952,Asia,57.593
Sri Lanka,1957,Asia,61.456
Sri Lanka,1962,Asia,62.192
Sri Lanka,1967,Asia,64.266
Sri Lanka,1972,Asia,65.042
Sri Lanka,1977,Asia,65.949
Sri Lanka,1982,Asia,68.757
Sri Lanka,1987,Asia,69.011
Sri Lanka,1992,Asia,70.379
Sri Lanka,1997,Asia,70.457
Sri Lanka,2002,Asia,70.815
Sri Lanka,2007,Asia,72.396
Sudan,1952,Africa,38.635
Sudan,1957,Africa,39.624
Sudan,1962,Africa,40.87
Sudan,1967,Africa,42.858
Sudan,1972,Africa,45.083
Sudan,1977,Africa,47.8
Sudan,1982,Africa,50.338
Sudan,1987,Africa,51.744
Sudan,1992,Africa,53.556
Sudan,1997,Africa,55.373
Sudan,2002,Africa,56.369
Sudan,2007,Africa,58.556
Swaziland,1952,Africa,41.407
Swaziland,1957,Africa,43.424
Swaziland,1962,Africa,44.992
Swaziland,1967,Africa,46.633
Swaziland,1972,Africa,49.552
Swaziland,1977,Africa,52.537
Swaziland,1982,Africa,55.561
Swaziland,1987,Africa,57.678
Swaziland,1992,Africa,58.474
Swaziland,1997,Africa,54.289
Swaziland,2002,Africa,43.869
Swaziland,2007,Africa,39.613
Sweden,1952,Europe,71.86
Sweden,1957,Europe,72.49
Sweden,1962,Europe,73.37
Sweden,1967,Europe,74.16
Sweden,1972,Europe,74.72
Sweden,1977,Europe,75.44
Sweden,1982,Europe,76.42
Sweden,1987,Europe,77.19
Sweden,1992,Europe,78.16
Sweden,1997,Europe,79.39
Sweden,2002,Europe,80.04
Sweden,2007,Europe,80.884
Switzerland,1952,Europe,69.62
Switzerland,1957,Europe,70.56
Switzerland,1962,Europe,71.32
Switzerland,1967,Europe,72.77
Switzerland,1972,Europe,73.78
Switzerland,1977,Europe,75.39
Switzerland,1982,Europe,76.21
Switzerland,1987,Europe,77.41
Switzerland,1992,Europe,78.03
Switzerland,1997,Europe,79.37
Switzerland,2002,Europe,80.62
Switzerland,2007,Europe,81.701
Syria,1952,Asia,45.883
Syria,1957,Asia,48.284
Syria,1962,Asia,50.305
Syria,1967,Asia,53.655
Syria,1972,Asia,57.296
Syria,1977,Asia,61.195
Syria,1982,Asia,64.59
Syria,1987,Asia,66.974
Syria,1992,Asia,69.249
Syria,1997,Asia,71.527
Syria,2002,Asia,73.053
Syria,2007,Asia,74.143
Taiwan,1952,Asia,58.5
Taiwan,1957,Asia,62.4
Taiwan,1962,Asia,65.2
Taiwan,1967,Asia,67.5
Taiwan,1972,Asia,69.39
Taiwan,1977,Asia,70.59
Taiwan,1982,Asia,72.16
Taiwan,1987,Asia,73.4
Taiwan,1992,Asia,74.26
Taiwan,1997,Asia,75.25
Taiwan,2002,Asia,76.99
Taiwan,2007,Asia,78.4
Tanzania,1952,Africa,41.215
Tanzania,1957,Africa,42.974
Tanzania,1962,Africa,44.246
Tanzania,1967,Africa,45.757
Tanzania,1972,Africa,47.62
Tanzania,1977,Africa,49.919
Tanzania,1982,Africa,50.608
Tanzania,1987,Africa,51.535
Tanzania,1992,Africa,50.44
Tanzania,1997,Africa,48.466
Tanzania,2002,Africa,49.651
Tanzania,2007,Africa,52.517
Thailand,1952,Asia,50.848
Thailand,1957,Asia,53.63
Thailand,1962,Asia,56.061
Thailand,1967,Asia,58.285
Thailand,1972,Asia,60.405
Thailand,1977,Asia,62.494
Thailand,1982,Asia,64.597
Thailand,1987,Asia,66.084
Thailand,1992,Asia,67.298
Thailand,1997,Asia,67.521
Thailand,2002,Asia,68.564
Thailand,2007,Asia,70.616
Togo,1952,Africa,38.596
Togo,1957,Africa,41.208
Togo,1962,Africa,43.922
Togo,1967,Africa,46.769
Togo,1972,Africa,49.759
Togo,1977,Africa,52.887
Togo,1982,Africa,55.471
Togo,1987,Africa,56.941
Togo,1992,Africa,58.061
Togo,1997,Africa,58.39
Togo,2002,Africa,57.561
Togo,2007,Africa,58.42
Trinidad and Tobago,1952,Americas,59.1
Trinidad and Tobago,1957,Americas,61.8
Trinidad and Tobago,1962,Americas,64.9
Trinidad and Tobago,1967,Americas,65.4
Trinidad and Tobago,1972,Americas,65.9
Trinidad and Tobago,1977,Americas,68.3
Trinidad and Tobago,1982,Americas,68.832
Trinidad and Tobago,1987,Americas,69.582
Trinidad and Tobago,1992,Americas,69.862
Trinidad and Tobago,1997,Americas,69.465
Trinidad and Tobago,2002,Americas,68.976
Trinidad and Tobago,2007,Americas,69.819
Tunisia,1952,Africa,44.6
Tunisia,1957,Africa,47.1
Tunisia,1962,Africa,49.579
Tunisia,1967,Africa,52.053
Tunisia,1972,Africa,55.602
Tunisia,1977,Africa,59.837
Tunisia,1982,Africa,64.048
Tunisia,1987,Africa,66.894
Tunisia,1992,Africa,70.001
Tunisia,1997,Africa,71.973
Tunisia,2002,Africa,73.042
Tunisia,2007,Africa,73.923
Turkey,1952,Europe,43.585
Turkey,1957,Europe,48.079
Turkey,1962,Europe,52.098
Turkey,1967,Europe,54.336
Turkey,1972,Europe,57.005
Turkey,1977,Europe,59.507
Turkey,1982,Europe,61.036
Turkey,1987,Europe,63.108
Turkey,1992,Europe,66.146
Turkey,1997,Europe,68.835
Turkey,2002,Europe,70.845
Turkey,2007,Europe,71.777
Uganda,1952,Africa,39.978
Uganda,1957,Africa,42.571
Uganda,1962,Africa,45.344
Uganda,1967,Africa,48.051
Uganda,1972,Africa,51.016
Uganda,1977,Africa,50.35
Uganda,1982,Africa,49.849
Uganda,1987,Africa,51.509
Uganda,1992,Africa,48.825
Uganda,1997,Africa,44.578
Uganda,2002,Africa,47.813
Uganda,2007,Africa,51.542
United Kingdom,1952,Europe,69.18
United Kingdom,1957,Europe,70.42
United Kingdom,1962,Europe,70.76
United Kingdom,1967,Europe,71.36
United Kingdom,1972,Europe,72.01
United Kingdom,1977,Europe,72.76
United Kingdom,1982,Europe,74.04
United Kingdom,1987,Europe,75.007
United Kingdom,1992,Europe,76.42
United Kingdom,1997,Europe,77.218
United Kingdom,2002,Europe,78.471
United Kingdom,2007,Europe,79.425
United States,1952,Americas,68.44
United States,1957,Americas,69.49
United States,1962,Americas,70.21
United States,1967,Americas,70.76
United States,1972,Americas,71.34
United States,1977,Americas,73.38
United States,1982,Americas,74.65
United States,1987,Americas,75.02
United States,1992,Americas,76.09
United States,1997,Americas,76.81
United States,2002,Americas,77.31
United States,2007,Americas,78.242
Uruguay,1952,Americas,66.071
Uruguay,1957,Americas,67.044
Uruguay,1962,Americas,68.253
Uruguay,1967,Americas,68.468
Uruguay,1972,Americas,68.673
Uruguay,1977,Americas,69.481
Uruguay,1982,Americas,70.805
Uruguay,1987,Americas,71.918
Uruguay,1992,Americas,72.752
Uruguay,1997,Americas,74.223
Uruguay,2002,Americas,75.307
Uruguay,2007,Americas,76.384
Venezuela,1952,Americas,55.088
Venezuela,1957,Americas,57.907
Venezuela,1962,Americas,60.77
Venezuela,1967,Americas,63.479
Venezuela,1972,Americas,65.712
Venezuela,1977,Americas,67.456
Venezuela,1982,Americas,68.557
Venezuela,1987,Americas,70.19
Venezuela,1992,Americas,71.15
Venezuela,1997,Americas,72.146
Venezuela,2002,Americas,72.766
Venezuela,2007,Americas,73.747
Vietnam,1952,Asia,40.412
Vietnam,1957,Asia,42.887
Vietnam,1962,Asia,45.363
Vietnam,1967,Asia,47.838
Vietnam,1972,Asia,50.254
Vietnam,1977,Asia,55.764
Vietnam,1982,Asia,58.816
Vietnam,1987,Asia,62.82
Vietnam,1992,Asia,67.662
Vietnam,1997,Asia,70.672
Vietnam,2002,Asia,73.017
Vietnam,2007,Asia,74.249
West Bank and Gaza,1952,Asia,43.16
West Bank and Gaza,1957,Asia,45.671
West Bank and Gaza,1962,Asia,48.127
West Bank and Gaza,1967,Asia,51.631
West Bank and Gaza,1972,Asia,56.532
West Bank and Gaza,1977,Asia,60.765
West Bank and Gaza,1982,Asia,64.406
West Bank and Gaza,1987,Asia,67.046
West Bank and Gaza,1992,Asia,69.718
West Bank and Gaza,1997,Asia,71.096
West Bank and Gaza,2002,Asia,72.37
West Bank and Gaza,2007,Asia,73.422
Yemen Rep.,1952,Asia,32.548
Yemen Rep.,1957,Asia,33.97
Yemen Rep.,1962,Asia,35.18
Yemen Rep.,1967,Asia,36.984
Yemen Rep.,1972,Asia,39.848
Yemen Rep.,1977,Asia,44.175
Yemen Rep.,1982,Asia,49.113
Yemen Rep.,1987,Asia,52.922
Yemen Rep.,1992,Asia,55.599
Yemen Rep.,1997,Asia,58.02
Yemen Rep.,2002,Asia,60.308
Yemen Rep.,2007,Asia,62.698
Zambia,1952,Africa,42.038
Zambia,1957,Africa,44.077
Zambia,1962,Africa,46.023
Zambia,1967,Africa,47.768
Zambia,1972,Africa,50.107
Zambia,1977,Africa,51.386
Zambia,1982,Africa,51.821
Zambia,1987,Africa,50.821
Zambia,1992,Africa,46.1
Zambia,1997,Africa,40.238
Zambia,2002,Africa,39.193
Zambia,2007,Africa,42.384
Zimbabwe,1952,Africa,48.451
Zimbabwe,1957,Africa,50.469
Zimbabwe,1962,Africa,52.358
Zimbabwe,1967,Africa,53.995
Zimbabwe,1972,Africa,55.635
Zimbabwe,1977,Africa,57.674
Zimbabwe,1982,Africa,60.363
Zimbabwe,1987,Africa,62.351
Zimbabwe,1992,Africa,60.377
Zimbabwe,1997,Africa,46.809
Zimbabwe,2002,Africa,39.989
Zimbabwe,2007,Africa,43.487
